The Rental Home Co,,,,,,,,,,,,,,,,,,,,,,
Profit and Loss,,,,,,,,,,,,,,,,,,,,,,
"January 1-June 30, 2026",,,,,,,,,,,,,,,,,,,,,,

,Ford Expedition Max White,Operating,Personal,Rental Home Co,4608 Woodsong Ln,Church Street Duplexes,Total for Rental Home Co,Second Mile,100 Crown Colony Ct,101 Century Hill Ct.,104 Penny Lane,115 Elm Street,120 Argus Circle,139 E Chateu,191 Konika Court,216 Stirlington Rd,300 Elders Pond Circle,359 Quiet Grove Drive,511 Plum Tree Ct,946 Brookfield Drive,Total for Second Mile,Total
Income,,,,,,,,,,,,,,,,,,,,,,
500 Rental Income,,,,,,,,,,,,,,,,,,,,,,
500.01 Rental Income,,,,,"4,675.00","15,330.00","20,005.00",,"3,830.00","4,085.00","5,325.00","5,702.00","4,435.00",,"4,275.00","5,215.00","4,725.00","5,737.22","4,725.00","4,800.00","52,854.22","72,859.22"
Total for 500 Rental Income,$0.00,$0.00,$0.00,$0.00,"4,675.00","15,330.00","20,005.00",$0.00,"3,830.00","4,085.00","5,325.00","5,702.00","4,435.00",$0.00,"4,275.00","5,215.00","4,725.00","5,737.22","4,725.00","4,800.00","52,854.22","$72,859.22"
510 Sale of Property Income,,,,,,,,,,,,,,"260,000.00",,,,,,,"260,000.00","260,000.00"
Total for Income,$0.00,$0.00,$0.00,$0.00,"4,675.00","15,330.00","20,005.00",$0.00,"3,830.00","4,085.00","5,325.00","5,702.00","4,435.00","260,000.00","4,275.00","5,215.00","4,725.00","5,737.22","4,725.00","4,800.00","312,854.22","$332,859.22"
Cost of Goods Sold,,,,,,,,,,,,,,,,,,,,,,
670 Sale of Property Costs,,,,,,,,,,,,,,,,,,,,,,
670.01 Broker Commission,,,,,,,,,,,,,,"15,600.00",,,,,,,"15,600.00","15,600.00"
670.02 Closing Costs,,,,,,,,,,,,,,"9,762.00",,,,,,,"9,762.00","9,762.00"
670.05 Property Taxes,,,,,,,,,,,,,,357.45,,,,,,,357.45,357.45
Property Basis,,,,,,,,,,,,,,"197,528.39",,,,,,,"197,528.39","197,528.39"
Total for 670 Sale of Property Costs,$0.00,$0.00,$0.00,$0.00,$0.00,$0.00,$0.00,$0.00,$0.00,$0.00,$0.00,$0.00,$0.00,"223,247.84",$0.00,$0.00,$0.00,$0.00,$0.00,$0.00,"223,247.84","$223,247.84"
Total for Cost of Goods Sold,$0.00,$0.00,$0.00,$0.00,$0.00,$0.00,$0.00,$0.00,$0.00,$0.00,$0.00,$0.00,$0.00,"223,247.84",$0.00,$0.00,$0.00,$0.00,$0.00,$0.00,"223,247.84","$223,247.84"
Gross Profit,$0.00,$0.00,$0.00,$0.00,"4,675.00","15,330.00","20,005.00",$0.00,"3,830.00","4,085.00","5,325.00","5,702.00","4,435.00","36,752.16","4,275.00","5,215.00","4,725.00","5,737.22","4,725.00","4,800.00","89,606.38","$109,611.38"
Expenses,,,,,,,,,,,,,,,,,,,,,,
700 Buy & Hold Expenses,,,,,,,,,,,,,,,,,,,,,,
700.01 HOA,,,,,,,,,200.00,,,,,,,,183.33,200.00,,,583.33,583.33
700.1 Utilities,,,,,,59.49,59.49,,,,,50.05,924.96,,,,,,,,975.01,"1,034.50"
Repairs & Maintenance,,,,,,,,,,,,,,,,,,,,,,
700.04 Contractor,,,,,90.00,300.00,390.00,,682.30,,800.00,"6,785.00",,,400.00,,,150.00,,,"8,817.30","9,207.30"
700.08 Materials,,486.45,,,,,,,173.70,393.98,-495.65,,,,,,,,111.43,,183.46,669.91
Total for Repairs & Maintenance,$0.00,486.45,$0.00,$0.00,90.00,300.00,390.00,$0.00,856.00,393.98,304.35,"6,785.00",$0.00,$0.00,400.00,$0.00,$0.00,150.00,111.43,$0.00,"9,000.76","$9,877.21"
Total for 700 Buy & Hold Expenses,$0.00,486.45,$0.00,$0.00,90.00,359.49,449.49,$0.00,"1,056.00",393.98,304.35,"6,835.05",924.96,$0.00,400.00,$0.00,183.33,350.00,111.43,$0.00,"10,559.10","$11,495.04"
710 General Expenses,,,,,,,,,,,,,,,,,,,,,,
710.01 Bank Charges & Fees,,742.76,,,,,,,,,,,,48.70,,,,,,,48.70,791.46
710.02 Business Meals,,106.18,,,,,,,,,,,,,,,,,,,,106.18
710.03 Dues & Subscriptions,,626.10,,,,,,,,,,,,,,,,,,,,626.10
710.04 Office Supplies & Postage,,24.59,,,,,,,,,,,,,,,,,,,,24.59
710.07 Licenses & Registration Fees,,102.60,,,,,,,,,,,,,,,,,,,,102.60
710.11 Business Utilities,,438.84,,,,,,,,,,,,,,,,,,,,438.84
710.12 Continuing Education,,328.90,,,,,,,,,,,,,,,,,,,,328.90
Total for 710 General Expenses,$0.00,"2,369.97",$0.00,$0.00,$0.00,$0.00,$0.00,$0.00,$0.00,$0.00,$0.00,$0.00,$0.00,48.70,$0.00,$0.00,$0.00,$0.00,$0.00,$0.00,48.70,"$2,418.67"
720 Insurance,,421.89,,,,,,,,,,,,,,,,,,,,421.89
730 Interest Paid,136.40,"4,533.62",,,464.14,"2,484.83","2,948.97",,,,"1,367.40",,,,"1,367.40",,,,,,"2,734.80","10,353.79"
740 Legal & Professional Fees,,28.45,,,,,,,,,,,,,,,,,,,,28.45
750 Charity,,,85.34,,,,,,,,,,,,,,,,,,,85.34
765 Payroll Expense,,,,,,,,,,,,,,,,,,,,,,
765.03 Payroll Fee,,147.70,,,,,,,,,,,,,,,,,,,,147.70
Officer Salaries,,"4,617.51",,,,,,,,,,,,,,,,,,,,"4,617.51"
Total for 765 Payroll Expense,$0.00,"4,765.21",$0.00,$0.00,$0.00,$0.00,$0.00,$0.00,$0.00,$0.00,$0.00,$0.00,$0.00,$0.00,$0.00,$0.00,$0.00,$0.00,$0.00,$0.00,$0.00,"$4,765.21"
770 Taxes Paid,,,,,"3,326.85",,"3,326.85",,"3,436.47","2,563.39","3,580.25","3,279.36","1,337.08",,"1,233.89","2,373.53","3,089.87","4,272.52","3,975.27","1,976.74","31,118.37","34,445.22"
780 Travel,,274.45,,,,,,,,,,,,,,,,,,,,274.45
785 Mileage,,"1,005.34",,,,,,,,,,,,,,,,,,,,"1,005.34"
Total for Expenses,136.40,"13,885.38",85.34,$0.00,"3,880.99","2,844.32","6,725.31",$0.00,"4,492.47","2,957.37","5,252.00","10,114.41","2,262.04",48.70,"3,001.29","2,373.53","3,273.20","4,622.52","4,086.70","1,976.74","44,460.97","$65,293.40"
Net Operating Income,-136.40,"-13,885.38",-85.34,$0.00,794.01,"12,485.68","13,279.69",$0.00,-662.47,"1,127.63",73.00,"-4,412.41","2,172.96","36,703.46","1,273.71","2,841.47","1,451.80","1,114.70",638.30,"2,823.26","45,145.41","$44,317.98"
Other Income,,,,,,,,,,,,,,,,,,,,,,
520 Interest Income,,810.66,,,,,,,,,,,,,,,,,,,,810.66
Total for Other Income,$0.00,810.66,$0.00,$0.00,$0.00,$0.00,$0.00,$0.00,$0.00,$0.00,$0.00,$0.00,$0.00,$0.00,$0.00,$0.00,$0.00,$0.00,$0.00,$0.00,$0.00,$810.66
Net Other Income,$0.00,810.66,$0.00,$0.00,$0.00,$0.00,$0.00,$0.00,$0.00,$0.00,$0.00,$0.00,$0.00,$0.00,$0.00,$0.00,$0.00,$0.00,$0.00,$0.00,$0.00,$810.66
Net Income,-136.40,"-13,074.72",-85.34,$0.00,794.01,"12,485.68","13,279.69",$0.00,-662.47,"1,127.63",73.00,"-4,412.41","2,172.96","36,703.46","1,273.71","2,841.47","1,451.80","1,114.70",638.30,"2,823.26","45,145.41","$45,128.64"



"Cash Basis Tuesday, June 30, 2026 11:14 PM GMTZ",,,,,,,,,,,,,,,,,,,,,,
