The Rental Home Co,,,,,,,,,,,,,,,,,,,,,,,,,,,,,,,
Profit and Loss,,,,,,,,,,,,,,,,,,,,,,,,,,,,,,,
"January 1-December 31, 2025",,,,,,,,,,,,,,,,,,,,,,,,,,,,,,,

,Ford Expedition Max White,Operating,Personal,Rental Home Co,4608 Woodsong Ln,Church Street Duplexes,Total for Rental Home Co,Second Mile,100 Crown Colony Ct,101 Century Hill Ct.,104 Penny Lane,105 Peach Blossom Ct.,115 Elm Street,120 Argus Circle,133 Armanda,139 E Chateu,191 Konika Court,216 Stirlington Rd,233 Lecia Lane,300 Elders Pond Circle,359 Quiet Grove Drive,511 Kyzer Rd,511 Plum Tree Ct,522 Long Terrace,661 Spanish Oak Dr.,7360 Two Notch Rd,946 Brookfield Drive,Total for Second Mile,Trading,Not specified,Total
Income,,,,,,,,,,,,,,,,,,,,,,,,,,,,,,,
500 Rental Income,,,,,,,,,,,,,,,,,,,,,,,,,,,,,,,
500.01 Rental Income,,,,,"17,923.00","71,415.00","89,338.00",,"19,796.00","20,160.00","21,570.00",,"21,300.00","17,735.00",,,"15,500.00","13,355.00",,"18,675.00","21,667.28",,"17,795.00",62.60,,,"18,336.00","205,951.88",,,"295,289.88"
Total for 500 Rental Income,$0.00,$0.00,$0.00,$0.00,"17,923.00","71,415.00","89,338.00",$0.00,"19,796.00","20,160.00","21,570.00",$0.00,"21,300.00","17,735.00",$0.00,$0.00,"15,500.00","13,355.00",$0.00,"18,675.00","21,667.28",$0.00,"17,795.00",62.60,$0.00,$0.00,"18,336.00","205,951.88",$0.00,$0.00,"$295,289.88"
510 Sale of Property Income,,,,,,,,,,,,"245,000.00",,,,,,,,,,"225,000.00",,,"240,000.00","275,000.00",,"985,000.00",,,"985,000.00"
515 Commission Income,,,,,,,,,,,,"5,750.00",,,,,,,,,,"5,270.00",,"5,330.00","5,630.00","6,470.00",,"28,450.00",,,"28,450.00"
Total for Income,$0.00,$0.00,$0.00,$0.00,"17,923.00","71,415.00","89,338.00",$0.00,"19,796.00","20,160.00","21,570.00","250,750.00","21,300.00","17,735.00",$0.00,$0.00,"15,500.00","13,355.00",$0.00,"18,675.00","21,667.28","230,270.00","17,795.00","5,392.60","245,630.00","281,470.00","18,336.00","1,219,401.88",$0.00,$0.00,"$1,308,739.88"
Cost of Goods Sold,,,,,,,,,,,,,,,,,,,,,,,,,,,,,,,
670 Sale of Property Costs,,,,,,,,,,,,,,,,,,,,,,,,,,,,,,,
670.01 Broker Commission,,,,,,,,,,,,"13,475.00",,,,,,,,,,"6,750.00",,,"14,200.00","15,125.00",,"49,550.00",,,"49,550.00"
670.02 Closing Costs,,,,,,,,,,,,"2,014.94",,,"2,663.75","2,595.75",,,"1,978.15",,,"15,334.24",,,,"6,712.59",,"31,299.42",,,"31,299.42"
670.03 HOA Fees,,,,,,,,,,,,,,,,,,,,,-25.00,,,,,,,-25.00,,,-25.00
Property Basis,,,,,,,,,,,,"219,164.90",,,,,,,,,,"206,920.24",,,"223,699.35","228,275.15",,"878,059.64",,,"878,059.64"
Total for 670 Sale of Property Costs,$0.00,$0.00,$0.00,$0.00,$0.00,$0.00,$0.00,$0.00,$0.00,$0.00,$0.00,"234,654.84",$0.00,$0.00,"2,663.75","2,595.75",$0.00,$0.00,"1,978.15",$0.00,-25.00,"229,004.48",$0.00,$0.00,"237,899.35","250,112.74",$0.00,"958,884.06",$0.00,$0.00,"$958,884.06"
Total for Cost of Goods Sold,$0.00,$0.00,$0.00,$0.00,$0.00,$0.00,$0.00,$0.00,$0.00,$0.00,$0.00,"234,654.84",$0.00,$0.00,"2,663.75","2,595.75",$0.00,$0.00,"1,978.15",$0.00,-25.00,"229,004.48",$0.00,$0.00,"237,899.35","250,112.74",$0.00,"958,884.06",$0.00,$0.00,"$958,884.06"
Gross Profit,$0.00,$0.00,$0.00,$0.00,"17,923.00","71,415.00","89,338.00",$0.00,"19,796.00","20,160.00","21,570.00","16,095.16","21,300.00","17,735.00","-2,663.75","-2,595.75","15,500.00","13,355.00","-1,978.15","18,675.00","21,692.28","1,265.52","17,795.00","5,392.60","7,730.65","31,357.26","18,336.00","260,517.82",$0.00,$0.00,"$349,855.82"
Expenses,,,,,,,,,,,,,,,,,,,,,,,,,,,,,,,
700 Buy & Hold Expenses,,,,,,,,,,,,,,,,,,,,,,,,,,,,,,,
700.01 HOA,,,,,,,,,200.00,,,,,,,,,,,-411.69,450.00,,,,,,,238.31,,,238.31
700.1 Utilities,,62.26,,,76.99,161.97,238.96,,,,,,,"2,050.39",,,,,,,37.00,,,,,,110.36,"2,197.75",,,"2,498.97"
Repairs & Maintenance,,,,,,,,,,,,,,,,,,,,,,,,,,,,,,,
700.02 General,,"2,216.28",,,,,,,,,,,,,,,,,,,,,,,,,,,,,"2,216.28"
700.03 Cleaning,,,,,,275.00,275.00,,,,,,,,,,,,,,,,,,,,,,,,275.00
700.04 Contractor,,,,,"1,249.00","4,975.00","6,224.00",,,"3,195.00","2,189.29",,381.00,250.00,,,335.00,515.00,,500.00,"2,118.00",,"1,425.00",,,,"1,100.00","12,008.29",,,"18,232.29"
700.05 Inspections,,,,,,,,,,,,,,,,,,,,45.00,,,,,,,,45.00,,,45.00
700.08 Materials,,,,,"1,326.33","3,081.55","4,407.88",,112.07,87.69,"2,051.05",,162.99,,,,248.24,102.88,,61.74,"1,350.74",,478.90,,,,"1,592.11","6,248.41",,,"10,656.29"
Total for Repairs & Maintenance,$0.00,"2,216.28",$0.00,$0.00,"2,575.33","8,331.55","10,906.88",$0.00,112.07,"3,282.69","4,240.34",$0.00,543.99,250.00,$0.00,$0.00,583.24,617.88,$0.00,606.74,"3,468.74",$0.00,"1,903.90",$0.00,$0.00,$0.00,"2,692.11","18,301.70",$0.00,$0.00,"$31,424.86"
Total for 700 Buy & Hold Expenses,$0.00,"2,278.54",$0.00,$0.00,"2,652.32","8,493.52","11,145.84",$0.00,312.07,"3,282.69","4,240.34",$0.00,543.99,"2,300.39",$0.00,$0.00,583.24,617.88,$0.00,195.05,"3,955.74",$0.00,"1,903.90",$0.00,$0.00,$0.00,"2,802.47","20,737.76",$0.00,$0.00,"$34,162.14"
710 General Expenses,,,,,,,,,,,,,,,,,,,,,,,,,,,,,,,
710.01 Bank Charges & Fees,3.00,105.50,,,1.50,,1.50,,,,,,,,10.00,,,,,,,,,,,,,10.00,,,120.00
710.02 Business Meals,,136.88,,,,,,,,,,,,,,,,,,,,,,,,,,,,,136.88
710.03 Dues & Subscriptions,,"3,268.88",,,,,,,,,,,,,,,,,,,,,,,,,,,286.15,,"3,555.03"
710.04 Office Supplies & Postage,,595.34,,,,,,,,,,,,,,,,,,,,,,,,,,,,,595.34
710.05 Marketing,,2.09,,,,,,,,,,,,,,,,,,,,,,,,,,,,,2.09
710.06 Other Business Expenses,,5.18,,,,,,,,,,,,,,,,,,,,,,,,,,,,,5.18
710.07 Licenses & Registration Fees,,177.50,,,,,,,,,,,,,,,,,,,,,,,,,,,,,177.50
710.11 Business Utilities,,"2,603.69",,,,,,,,,,,,,,,,,,,,,,,,,,,,,"2,603.69"
710.12 Continuing Education,,"3,230.76",,,,,,,,,,,,,,,,,,,,,,,,,,,17.00,,"3,247.76"
Total for 710 General Expenses,3.00,"10,125.82",$0.00,$0.00,1.50,$0.00,1.50,$0.00,$0.00,$0.00,$0.00,$0.00,$0.00,$0.00,10.00,$0.00,$0.00,$0.00,$0.00,$0.00,$0.00,$0.00,$0.00,$0.00,$0.00,$0.00,$0.00,10.00,303.15,$0.00,"$10,443.47"
720 Insurance,,"5,767.57",,,862.85,"3,174.36","4,037.21",,808.08,784.69,"1,311.17",,876.18,782.20,,,869.57,678.93,,818.06,743.99,,805.40,,,,827.14,"9,305.41",,,"19,110.19"
730 Interest Paid,"2,987.10","25,119.68",,,"5,509.81","15,075.87","20,585.68",,,,"6,341.37","1,500.00",,,,,"6,358.50",,,,,"1,702.52",,750.00,"1,500.00","1,026.00",,"19,178.39",,"2,364.14","70,234.99"
740 Legal & Professional Fees,,"1,054.88",,,,,,,,,,,,,,,,,,,,,,,,,,,,,"1,054.88"
740.01 Accountant,,315.00,,,,,,,,,,,,,,,,,,,,,,,,,,,,,315.00
Total for 740 Legal & Professional Fees,$0.00,"1,369.88",$0.00,$0.00,$0.00,$0.00,$0.00,$0.00,$0.00,$0.00,$0.00,$0.00,$0.00,$0.00,$0.00,$0.00,$0.00,$0.00,$0.00,$0.00,$0.00,$0.00,$0.00,$0.00,$0.00,$0.00,$0.00,$0.00,$0.00,$0.00,"$1,369.88"
750 Charity,,,"1,000.00",,,,,,,,,,,,,,,,,,,,,,,,,,,,"1,000.00"
765 Payroll Expense,,,,,,,,,,,,,,,,,,,,,,,,,,,,,,,
765.02 Payroll Tax,,"1,604.62",,,,,,,,,,,,,,,,,,,,,,,,,,,,,"1,604.62"
765.03 Payroll Fee,,609.35,,,,,,,,,,,,,,,,,,,,,,,,,,,,,609.35
Officer Salaries,,"20,000.04",,,,,,,,,,,,,,,,,,,,,,,,,,,,,"20,000.04"
Total for 765 Payroll Expense,$0.00,"22,214.01",$0.00,$0.00,$0.00,$0.00,$0.00,$0.00,$0.00,$0.00,$0.00,$0.00,$0.00,$0.00,$0.00,$0.00,$0.00,$0.00,$0.00,$0.00,$0.00,$0.00,$0.00,$0.00,$0.00,$0.00,$0.00,$0.00,$0.00,$0.00,"$22,214.01"
770 Taxes Paid,,767.31,"3,492.20",,"3,191.82","9,917.07","13,108.89",,"3,186.71","2,380.14","3,327.35",12.06,"3,047.97","1,243.08",,-856.96,"1,146.47","2,137.11","3,488.04","2,961.40","3,967.08",,"3,689.21",,60.84,166.97,"1,837.08","31,794.55",,,"49,162.95"
780 Travel,228.82,129.84,53.00,,,,,,,,,,,,,,,,,,,,,,,,,,,,411.66
785 Mileage,,"5,490.40",,,,,,,,,,,,,,,,,,,,,,,,,,,,95.01,"5,585.41"
Total for Expenses,"3,218.92","73,263.05","4,545.20",$0.00,"12,218.30","36,660.82","48,879.12",$0.00,"4,306.86","6,447.52","15,220.23","1,512.06","4,468.14","4,325.67",10.00,-856.96,"8,957.78","3,433.92","3,488.04","3,974.51","8,666.81","1,702.52","6,398.51",750.00,"1,560.84","1,192.97","5,466.69","81,026.11",303.15,"2,459.15","$213,694.70"
Net Operating Income,"-3,218.92","-73,263.05","-4,545.20",$0.00,"5,704.70","34,754.18","40,458.88",$0.00,"15,489.14","13,712.48","6,349.77","14,583.10","16,831.86","13,409.33","-2,673.75","-1,738.79","6,542.22","9,921.08","-5,466.19","14,700.49","13,025.47",-437.00,"11,396.49","4,642.60","6,169.81","30,164.29","12,869.31","179,491.71",-303.15,"-2,459.15","$136,161.12"
Other Expenses,,,,,,,,,,,,,,,,,,,,,,,,,,,,,,,
800.02 Amortization Expense ( 230 ),,450.07,,,,,,,,,,,,,,,,,,,,,,,,,,,,,450.07
900.02 Depreciation Expense,,"31,750.00",,,,,,,,,,,,,,,,,,,,,,,,,,,,,"31,750.00"
Total for Other Expenses,$0.00,"32,200.07",$0.00,$0.00,$0.00,$0.00,$0.00,$0.00,$0.00,$0.00,$0.00,$0.00,$0.00,$0.00,$0.00,$0.00,$0.00,$0.00,$0.00,$0.00,$0.00,$0.00,$0.00,$0.00,$0.00,$0.00,$0.00,$0.00,$0.00,$0.00,"$32,200.07"
Net Other Income,$0.00,"-32,200.07",$0.00,$0.00,$0.00,$0.00,$0.00,$0.00,$0.00,$0.00,$0.00,$0.00,$0.00,$0.00,$0.00,$0.00,$0.00,$0.00,$0.00,$0.00,$0.00,$0.00,$0.00,$0.00,$0.00,$0.00,$0.00,$0.00,$0.00,$0.00,"-$32,200.07"
Net Income,"-3,218.92","-105,463.12","-4,545.20",$0.00,"5,704.70","34,754.18","40,458.88",$0.00,"15,489.14","13,712.48","6,349.77","14,583.10","16,831.86","13,409.33","-2,673.75","-1,738.79","6,542.22","9,921.08","-5,466.19","14,700.49","13,025.47",-437.00,"11,396.49","4,642.60","6,169.81","30,164.29","12,869.31","179,491.71",-303.15,"-2,459.15","$103,961.05"



"Cash Basis Tuesday, June 30, 2026 05:32 PM GMTZ",,,,,,,,,,,,,,,,,,,,,,,,,,,,,,,
