postAtSpecificTime (YYYY-MM-DD HH:mm:ss),content,link (OGmetaUrl),imageUrls,gifUrl,videoUrls,thumbnailUrl
2026-07-22 08:30:00,"I do bookkeeping for real estate investors, and the same seven mistakes show up in almost every new client's books.

The most expensive: misclassifying capital improvements as repairs. A repair gets deducted in full the year you pay for it. A capital improvement — new roof, HVAC replacement, kitchen remodel — gets depreciated over 27.5 years for residential property. Mix those up and you're either overpaying taxes now or setting up a correction that triggers IRS attention later.

The other six, in order of how often I see them:

1. Running everything through one personal account. The IRS sees commingled funds and assumes the worst.
2. Not tracking income and expenses per property. You can't know which properties are actually making money without per-property P&Ls.
3. Ignoring depreciation entirely. It's the single largest tax advantage in real estate and some investors just... don't claim it.
4. Sloppy mileage tracking. 8,000 business miles at the IRS standard rate is thousands in deductions. But ""I drove a lot"" doesn't hold up in an audit.
5. Catching up the books once a year instead of monthly. By December, half the transactions are guesswork.
6. Forgetting 1099s for contractors paid $600+. The IRS gets their copy whether you file yours or not. The mismatch is automatic.

Every one of these is cheap to prevent in real time and expensive to fix retroactively.

Full breakdown: https://www.tidesbookkeeping.com/blog-7-bookkeeping-mistakes-real-estate-investors",https://www.tidesbookkeeping.com/blog-7-bookkeeping-mistakes-real-estate-investors,,,,
2026-07-23 10:00:00,"Real estate investors leave more money on the table at tax time than almost any other small business owner I work with.

The biggest one: misclassifying capital improvements as repairs. A new roof is not a repair — it's depreciated over 27.5 years. Get that wrong and you either overpay now or trigger a correction later. Neither is fun.

Other hits: not tracking per property, ignoring depreciation, sloppy mileage logs, and forgetting 1099s for contractors over $600.

All seven mistakes and how to fix them on the blog — link in bio.

#realestateinvesting #bookkeeping",https://www.tidesbookkeeping.com/blog-7-bookkeeping-mistakes-real-estate-investors,,,,
2026-07-24 09:00:00,"If you own rental properties, here are the seven bookkeeping mistakes I see most often — and every one of them costs real money at tax time.

The most expensive: calling a capital improvement a ""repair."" A new roof isn't a repair. It gets depreciated over 27.5 years, not deducted in full. Get that classification wrong and you're either overpaying taxes or inviting a correction from the IRS.

The others: running everything through one personal bank account, not tracking income and expenses per property, ignoring depreciation entirely, sloppy mileage logs (8,000 business miles is worth thousands in deductions — but only if you tracked them), catching up the books once a year instead of monthly, and forgetting to file 1099s for contractors you paid $600 or more.

All seven are cheap to prevent. None of them are cheap to fix after the fact.

Full list with the fixes: https://www.tidesbookkeeping.com/blog-7-bookkeeping-mistakes-real-estate-investors",https://www.tidesbookkeeping.com/blog-7-bookkeeping-mistakes-real-estate-investors,,,,
2026-07-29 08:30:00,"Messy books don't fix themselves. They also don't fix in a weekend, no matter how motivated you are on a Saturday morning.

They fix in about 90 days with a structured plan. Here's the framework I use for every catch-up engagement:

Days 1-30: Diagnose and rebuild the foundation. Inventory every account, every platform, every card. Set up or fix your chart of accounts. Determine how far back the catch-up window goes.

Days 31-60: The actual grind. Categorize transactions, reconcile bank and credit card statements, rebuild prior periods month by month. This is where the hours go — budget 6-10 per week if you're doing it yourself.

Days 61-90: Close the remaining gap to current and install the ongoing monthly system. Recurring categorization rules, monthly close process, deliverables schedule. The system is what prevents you from being back here in a year.

The pattern I see: most business owners attempt this alone, stall around week three, and shelve it for another six months. If that's happened to you more than once, outsource it. The cost of a professional cleanup is almost always less than the cost of another year of bad data — missed deductions, inflated CPA bills, and business decisions made on numbers you don't trust.

Full plan: https://www.tidesbookkeeping.com/blog-90-day-bookkeeping-cleanup",https://www.tidesbookkeeping.com/blog-90-day-bookkeeping-cleanup,,,,
2026-07-30 10:00:00,"Your books are a mess. You know it. You've been meaning to fix it for months. Here's the thing — they're not getting fixed in a weekend, but they will get fixed in 90 days.

Days 1-30: diagnose and rebuild the foundation. Days 31-60: the actual grind of categorizing and reconciling. Days 61-90: close the gap and install a monthly system so it doesn't happen again.

Budget 6-10 hours a week if you're doing it yourself. Or just hire it out — link in bio.

#bookkeeping #smallbusiness",https://www.tidesbookkeeping.com/blog-90-day-bookkeeping-cleanup,,,,
2026-07-31 09:00:00,"If your books are behind and you keep telling yourself you'll catch up this weekend — you won't. Not because you can't, but because a real cleanup takes more than a weekend.

It takes about 90 days with a structured plan. Days 1-30 you diagnose the damage and rebuild the foundation. Days 31-60 you grind through the categorizing and reconciling. Days 61-90 you close the gap to current and install a monthly system so it doesn't happen again.

If you're doing it yourself, budget 6-10 hours a week. If you've already tried and stalled — and most people have — it's probably time to hand it off. The cost of another year of messy books (missed deductions, higher CPA fees, decisions on bad data) almost always exceeds the cost of just getting it cleaned up.

Full 90-day plan here: https://www.tidesbookkeeping.com/blog-90-day-bookkeeping-cleanup",https://www.tidesbookkeeping.com/blog-90-day-bookkeeping-cleanup,,,,
2026-08-05 08:30:00,"Every January I watch the same pattern: business owners scramble to get their books together for their CPA, the CPA charges premium rates to sort through the chaos, and deductions get missed because nobody had time to look for them.

A clean year-end handoff turns a $3,000 CPA bill into a $1,500 one. I see it every tax season. The difference is about one hour of structured review before you hand anything over.

The nine-step checklist:

1. Reconcile every account through December 31. No exceptions.
2. Review your chart of accounts for miscategorized or orphaned items.
3. Run and review a full-year P&L. Look for anything that doesn't make sense.
4. Review the balance sheet. Outstanding balances that shouldn't be there will surface here.
5. Hunt for missing deductions. Home office, mileage, software, professional development — the ones people forget add up.
6. Check 1099 readiness. W-9s on file for every contractor paid $600+. Deadline is January 31.
7. Sales tax nexus sanity check if you sell across state lines. $100,000 or 200 transactions is the common threshold.
8. Payroll tie-out between your bookkeeping software and payroll provider.
9. Package everything into a clean handoff: P&L, balance sheet, general ledger, payroll reports, depreciation schedule.

That's it. One hour prevents compounding errors, surfaces missed deductions, and cuts your CPA bill significantly.

Full guide: https://www.tidesbookkeeping.com/blog-annual-bookkeeping-audit-guide",https://www.tidesbookkeeping.com/blog-annual-bookkeeping-audit-guide,,,,
2026-08-06 10:00:00,"One hour of year-end bookkeeping audit saves most business owners thousands in CPA fees and missed deductions.

A clean handoff turns a $3,000 CPA bill into a $1,500 one. That's not a guess — it's what I see every single tax season.

Nine steps. Reconcile everything through December 31. Review your chart of accounts. Check 1099 readiness. Hunt for missing deductions. Hand your CPA a clean file instead of a mess.

Full checklist on the blog — link in bio.

#taxseason #smallbusiness",https://www.tidesbookkeeping.com/blog-annual-bookkeeping-audit-guide,,,,
2026-08-07 09:00:00,"Quick math for business owners heading into tax season: a clean year-end bookkeeping handoff turns a $3,000 CPA bill into a $1,500 one. That's not aspirational — it's what I see happen every single year.

The difference is about one hour of structured review before you send anything to your CPA. Reconcile everything through December 31. Review your P&L for anything that looks off. Hunt for missing deductions (the ones people forget — home office, mileage, software — add up fast). Make sure you have W-9s for every contractor you paid $600+ because the 1099 deadline is January 31. Package everything into one clean folder.

Your CPA wants to do tax strategy and filing, not forensic bookkeeping. Hand them clean files and you pay for strategy. Hand them a mess and you pay for cleanup at $200+/hour.

Full 9-step checklist: https://www.tidesbookkeeping.com/blog-annual-bookkeeping-audit-guide",https://www.tidesbookkeeping.com/blog-annual-bookkeeping-audit-guide,,,,
2026-08-12 08:30:00,"""Which bookkeeping software should I use?"" — the question I get more than any other from new business owners.

Here's my honest take for 2026, based on setting up and working inside these platforms every day:

QuickBooks Online — the safe US default. Every CPA in the country knows it. Deepest integration ecosystem by far. Built-in payroll through Intuit. It has legacy interface quirks, but the ecosystem advantage is real. If you have no strong opinion, start here.

Xero — better for service businesses with teams. Cloud-native, cleaner interface, faster reconciliation workflow. The big differentiator: unlimited users at every pricing tier. If you have 3-5 people who need access, Xero often costs significantly less than QBO. Best multi-currency handling. The catch: thinner US CPA ecosystem and payroll requires a third party like Gusto.

FreshBooks — best invoicing UX in the category. If you're a freelancer or solo service provider and invoicing is your primary need, FreshBooks is hard to beat. But the accounting depth is limited — you'll outgrow it.

Wave — free core accounting. Genuinely useful for side hustles and very early businesses. Once you're past $5,000/month in revenue, move to a paid platform.

Zoho Books — only makes sense if you're already inside the Zoho ecosystem.

Three questions that determine your choice: Do you have employees? Does your CPA have a platform preference? What integrations do you need?

Full comparison: https://www.tidesbookkeeping.com/blog-best-bookkeeping-software-2026",https://www.tidesbookkeeping.com/blog-best-bookkeeping-software-2026,,,,
2026-08-13 10:00:00,"Get asked ""which bookkeeping software should I use?"" constantly. Here's the honest answer for 2026:

QuickBooks Online if you want the safest US default — every CPA knows it, deepest integrations, built-in payroll. Xero if you have a team — unlimited users at every tier and a cleaner interface. FreshBooks if you're a freelancer who mostly needs great invoicing. Wave if you're a side hustle under $5K/month. Skip Zoho unless you're already in their ecosystem.

Full breakdown on the blog — link in bio.

#bookkeeping #smallbusiness",https://www.tidesbookkeeping.com/blog-best-bookkeeping-software-2026,,,,
2026-08-14 09:00:00,"The most common question I get from new business owners: ""Which bookkeeping software should I use?""

Short answer for 2026: QuickBooks Online is the safe US default — every CPA knows it, it has the most integrations, and payroll is built in. Xero is better if you have a team, because it includes unlimited users at every pricing tier (QBO charges extra for each one). FreshBooks is great for freelancers who mostly need invoicing. Wave is free and fine for side hustles under $5K/month. Zoho Books only makes sense if you're already using Zoho for everything else.

The honest truth: most of these will work fine for most small businesses. The platform matters less than actually using it consistently every month. Pick one, set it up properly, and do your bookkeeping.

Full comparison with pricing and pros/cons: https://www.tidesbookkeeping.com/blog-best-bookkeeping-software-2026",https://www.tidesbookkeeping.com/blog-best-bookkeeping-software-2026,,,,
2026-08-19 08:30:00,"The most expensive mistake I see small business owners make isn't a bad hire or a failed marketing campaign. It's skipping the bookkeeper and going straight to a CPA once a year.

Here's how the roles actually break down:

A bookkeeper handles day-to-day recordkeeping — categorizing transactions, reconciling accounts, producing monthly financial statements. This is ongoing, detailed work that needs to happen every month.

An accountant analyzes and interprets the data your bookkeeper produces. They look at the numbers and tell you what they mean for your business.

A CPA is a licensed accountant who passed a four-part exam with 150 credit hours of education. They can sign tax returns, represent you before the IRS, and handle audit defense. Their rates start at $200/hour and go up from there.

Hiring a CPA to do bookkeeping is like hiring a surgeon to apply a band-aid. They can do it. They'll charge you accordingly. And you'll have paid a premium for work that someone else could have done better for less.

The right setup for most growing small businesses: bookkeeper monthly, CPA at tax time. The bookkeeper keeps the books clean so the CPA can focus on tax strategy and filing — not forensic accounting on a year's worth of unsorted transactions.

The ""shoebox of receipts"" approach doesn't save money. It just shifts the cost to a much more expensive professional.

Full breakdown: https://www.tidesbookkeeping.com/blog-bookkeeper-vs-cpa-vs-accountant",https://www.tidesbookkeeping.com/blog-bookkeeper-vs-cpa-vs-accountant,,,,
2026-08-20 10:00:00,"Hiring a CPA to do your bookkeeping is like hiring a surgeon to put on a band-aid. Technically qualified. Wildly expensive. Wrong person for the job.

Bookkeeper: day-to-day recordkeeping. Monthly. Accountant: analyzes the data your bookkeeper produces. CPA: licensed accountant who passed a four-part exam. $200/hour and up.

For most growing businesses: bookkeeper every month, CPA at tax time. That's it.

The mistake most people make is skipping the bookkeeper entirely — link in bio.

#bookkeeping #smallbusiness",https://www.tidesbookkeeping.com/blog-bookkeeper-vs-cpa-vs-accountant,,,,
2026-08-21 09:00:00,"Here's a pattern I see constantly: business owner skips the bookkeeper, dumps a year of bank statements on their CPA in March, and wonders why the bill is $3,000+ and climbing.

The problem isn't the CPA's rates. It's that the CPA is doing bookkeeping work at CPA prices.

Bookkeepers handle day-to-day recordkeeping — categorizing, reconciling, monthly financial statements. CPAs are licensed professionals who passed a four-part exam, charge $200/hour+, and should be focused on tax strategy and filing. Hiring a CPA to sort your receipts is like hiring a surgeon to apply a band-aid.

The setup that actually works: bookkeeper monthly to keep the books clean, CPA at tax time to file and strategize. The bookkeeper costs a fraction of the CPA, and the clean handoff cuts the CPA bill in half.

Full breakdown of who does what and when you need each: https://www.tidesbookkeeping.com/blog-bookkeeper-vs-cpa-vs-accountant",https://www.tidesbookkeeping.com/blog-bookkeeper-vs-cpa-vs-accountant,,,,
2026-08-26 08:30:00,"""Why does catch-up bookkeeping cost more than regular monthly service?""

I get this question from almost every new client who's behind on their books. The answer is straightforward: monthly bookkeeping is maintenance. Catch-up bookkeeping is reconstruction.

When your books are current, each month's work builds on a clean prior month. Transactions are fresh, context is clear, and the system is established. Catch-up work has none of that. It's detective work — piecing together months or years of transactions, often across multiple accounts, with no established categorization system and a much higher risk of errors that compound.

The cost drivers: how many months you're behind, transaction volume per month, number of bank and credit card accounts, and whether existing books need correction versus building from scratch.

Most reputable bookkeepers quote catch-up as a flat fee upfront. If someone won't give you a number until they're billing hours, that's a red flag.

But here's what most people miss: the cost of NOT catching up is almost always higher. Missed deductions that are gone forever. CPA bills inflated by the cleanup they have to do before they can even start on your taxes. And every business decision you've made in the meantime was based on numbers you couldn't actually trust.

My rule of thumb: if the catch-up would take you more than 4-6 hours and you've already pushed it off twice, hire it out.

Full cost breakdown: https://www.tidesbookkeeping.com/blog-catch-up-bookkeeping-cost",https://www.tidesbookkeeping.com/blog-catch-up-bookkeeping-cost,,,,
2026-08-27 10:00:00,"If your books are behind, here's what you need to know about catch-up bookkeeping: it costs more than ongoing monthly service, and there's a good reason for that.

Monthly bookkeeping is maintenance. Catch-up is detective work — piecing together months or years of transactions with no established system, higher error risk, and a lot of digging.

The hidden cost of NOT catching up is worse: higher CPA bills, missed deductions, and every business decision made on numbers you can't trust.

Full cost breakdown on the blog — link in bio.

#bookkeeping #catchupbookkeeping",https://www.tidesbookkeeping.com/blog-catch-up-bookkeeping-cost,,,,
2026-08-28 09:00:00,"If your books are behind — whether it's three months or three years — here's the honest breakdown on what catch-up bookkeeping costs and why.

Catch-up costs more than regular monthly service because it's fundamentally different work. Monthly bookkeeping is maintenance on a running system. Catch-up is reconstruction — detective work, piecing together old transactions with no established system and a high margin for error.

What drives the price: how many months you're behind, how many transactions per month, how many accounts to reconcile, and whether there are existing books that need correcting versus starting from zero.

The thing most people don't calculate: the cost of staying behind. Every month your books are messy, you're missing deductions, overpaying your CPA for cleanup work, and making business decisions on numbers you can't trust. That hidden cost almost always exceeds the cost of just getting it done.

Full breakdown: https://www.tidesbookkeeping.com/blog-catch-up-bookkeeping-cost",https://www.tidesbookkeeping.com/blog-catch-up-bookkeeping-cost,,,,
2026-09-02 08:30:00,"""How much does a bookkeeper actually cost?""

Real numbers for 2026: $200 to $1,200 per month for professional bookkeeping. $30 to $90 per hour if you're comparing hourly rates.

The range is wide because five things drive the price: transaction volume, number of accounts to reconcile, whether catch-up work is needed, industry complexity (restaurants and construction cost more than consulting), and the service level you need (data entry only versus full monthly close with financial statements).

Three pricing models exist: hourly, monthly flat-rate, and per-transaction. For most small businesses, monthly flat-rate is the right answer — predictable cost, aligned incentives, no surprises.

The analysis most business owners skip: what does it cost to do it yourself? If your time is worth $75-$150/hour and you're spending 5-10 hours a month on QuickBooks, your ""free"" bookkeeping costs $375-$1,500/month in opportunity cost. Factor in the mistakes, the missed deductions, and the tax-season scramble, and a $399/month professional bookkeeper is often cost-neutral. Except the books are actually done right.

Red flags when you're shopping: no pricing transparency before the first call, hourly-only billing with no estimate, and anyone who can't tell you exactly what deliverables you'll receive each month.

Full breakdown with pricing tiers: https://www.tidesbookkeeping.com/blog-how-much-does-a-bookkeeper-cost",https://www.tidesbookkeeping.com/blog-how-much-does-a-bookkeeper-cost,,,,
2026-09-03 10:00:00,"Real numbers, no fluff: professional bookkeeping costs $200 to $1,200 a month in 2026. Hourly rates run $30 to $90.

The wide range comes down to five things: transaction volume, number of accounts, catch-up needs, industry complexity, and service level.

Here's the part most people skip: doing it yourself isn't free. When you account for your time, DIY bookkeeping costs $250-$700/month. A $399/month bookkeeper might be cost-neutral — and the books are actually done right.

Full pricing breakdown on the blog — link in bio.

#bookkeeping #smallbusiness",https://www.tidesbookkeeping.com/blog-how-much-does-a-bookkeeper-cost,,,,
2026-09-04 09:00:00,"Everyone asks what a bookkeeper costs, so here are the real numbers for 2026: $200 to $1,200 a month, or $30 to $90 an hour. The range depends on transaction volume, number of accounts, industry complexity, and what level of service you need.

The part most people don't think about: doing your own bookkeeping isn't free. If your time is worth $75-$150/hour and you're spending 5-10 hours a month in QuickBooks, you're paying $375-$1,500 in opportunity cost for the privilege of doing work you probably don't enjoy and may not be doing correctly.

A $399/month bookkeeper who gives you clean monthly financials, handles reconciliation, and hands your CPA a ready-to-file package is often cost-neutral compared to DIY — and the books are actually right.

Full pricing breakdown with what to look for and what to avoid: https://www.tidesbookkeeping.com/blog-how-much-does-a-bookkeeper-cost",https://www.tidesbookkeeping.com/blog-how-much-does-a-bookkeeper-cost,,,,
2026-09-09 08:30:00,"When business owners say they want a ""local bookkeeper,"" what they actually want is someone they can trust, who communicates well, and who knows their industry. Geography used to be a proxy for those things. It isn't anymore.

Remote bookkeepers offer wider talent pools, lower overhead (savings often passed to you), and genuine industry specialization — the bookkeeper who works with 30 real estate investors is more useful than the generalist down the street, regardless of zip code.

Five traits that actually matter when you're hiring:

1. Industry fit — do they already work with businesses like yours?
2. Flat-rate pricing — predictable monthly cost, no surprise invoices.
3. Dedicated point of contact — not a rotating support queue.
4. Clean monthly deliverables — P&L, balance sheet, reconciled accounts, delivered on a schedule.
5. Communication — do they respond within a business day? Do they proactively flag issues?

What doesn't matter as much as people think: degrees, certifications, and professional titles. Bookkeeping is a skilled trade, not a credentialed profession. A QuickBooks ProAdvisor certification takes a weekend. Reputation, references, and the quality of the work product matter far more.

Pricing reality: most reputable flat-rate bookkeepers charge $400-$700/month for a standard small business. Below $300 is typically offshore data entry with no context. Above $1,000, make sure you're paying for service quality, not just branding.

Full guide with seven questions to ask on the first call: https://www.tidesbookkeeping.com/blog-how-to-find-local-bookkeeper",https://www.tidesbookkeeping.com/blog-how-to-find-local-bookkeeper,,,,
2026-09-10 10:00:00,"""Local"" doesn't mean what it used to when it comes to bookkeeping. You don't need someone in your zip code — you need someone who knows your industry, charges a flat rate, and actually communicates.

Five things to look for: industry fit, flat-rate pricing, a dedicated point of contact, clean monthly deliverables, and responsive communication. Degrees and titles don't matter — bookkeeping is a skilled trade, not a credentialed profession. Reputation beats credentials every time.

Typical range: $400-$700/month for flat-rate. Below $300 is usually offshore data entry. Above $1,000, you might be paying for a brand name.

Seven questions to ask on the first call — link in bio.

#bookkeeping #smallbusiness",https://www.tidesbookkeeping.com/blog-how-to-find-local-bookkeeper,,,,
2026-09-11 09:00:00,"If you're looking for a bookkeeper, here's something worth knowing: ""local"" doesn't have to mean in your city anymore. The best bookkeeper for your business might be three states away — and that's fine, because bookkeeping is done digitally anyway.

What actually matters: do they know your industry, do they charge a flat monthly rate (no surprise invoices), do you get a dedicated person (not a rotating queue), and do they deliver clean financials on a predictable schedule.

What doesn't matter as much as you'd think: degrees, certifications, fancy titles. Bookkeeping is a skilled trade. Reputation and work quality beat credentials.

Typical pricing for a reputable flat-rate bookkeeper: $400-$700/month. Below $300, you're usually getting offshore data entry with no real context about your business. Above $1,000, make sure the premium is justified by the service, not just the brand.

Seven questions to ask on the first call and the red flags to watch for: https://www.tidesbookkeeping.com/blog-how-to-find-local-bookkeeper",https://www.tidesbookkeeping.com/blog-how-to-find-local-bookkeeper,,,,
2026-09-16 08:30:00,"Your P&L is the single most useful document your bookkeeper produces. But most business owners either don't look at it or look at one line — net income — and move on.

Here's how to read it like a CEO in about 10 minutes a month.

The mental model: everything above gross profit measures your product or service performance — pricing power, delivery efficiency, cost of goods. Everything below gross profit measures your company performance — overhead, payroll, marketing, rent.

Four lines to focus on: revenue, cost of goods sold, operating expenses, net income.

Two numbers to derive: gross margin (revenue minus COGS, divided by revenue) and operating margin (operating income divided by revenue).

Three checks that catch problems early:

1. Gross margin stability. If you're running $80,000 in monthly revenue with $32,000 in COGS, that's a 60% gross margin. Good. Now watch it over time. A slow drift from 62% to 59% to 56% over three quarters is a pricing or cost problem that won't show up in net income until it's a crisis.

2. Operating margin trends. If revenue is growing but operating margin is shrinking, overhead is growing faster than revenue. That's usually hiring, software subscriptions, or marketing spend that hasn't paid back yet.

3. Same-month-last-year comparison. Strips out seasonality and shows you the real trend. January vs. January is more useful than January vs. December.

Ten minutes a month. That's it. Monthly reviews beat year-end heroics every single time.

Full framework: https://www.tidesbookkeeping.com/blog-how-to-read-pl-like-ceo",https://www.tidesbookkeeping.com/blog-how-to-read-pl-like-ceo,,,,
2026-09-17 10:00:00,"Most business owners glance at their P&L and look at one number: net income. That's like checking your car's speedometer and ignoring the engine temperature, fuel gauge, and oil light.

The CEO-level read takes 10 minutes a month. Four lines matter: revenue, cost of goods sold, operating expenses, net income. Two numbers you derive from those: gross margin and operating margin. Watch for drift — a margin that slides from 62% to 59% to 56% over three months is a slow bleed that doesn't show up in net income until it's a crisis.

Full framework on the blog — link in bio.

#profitandloss #smallbusiness",https://www.tidesbookkeeping.com/blog-how-to-read-pl-like-ceo,,,,
2026-09-18 09:00:00,"Quick question: when was the last time you actually read your P&L? Not glanced at net income — actually read it.

Most business owners skip this, and I get it. The document looks dense. But the CEO-level version takes about 10 minutes a month and catches problems months before they become crises.

The simple framework: everything above gross profit tells you how your product or service is performing. Everything below tells you how your company is performing. Watch gross margin over time — if it drifts from 62% to 59% to 56% over three months, you have a pricing or cost problem, even if net income still looks okay. Compare each month to the same month last year to strip out seasonality.

Ten minutes. Monthly. That's the whole system.

Full breakdown with the exact lines to focus on: https://www.tidesbookkeeping.com/blog-how-to-read-pl-like-ceo",https://www.tidesbookkeeping.com/blog-how-to-read-pl-like-ceo,,,,
2026-09-23 08:30:00,"QuickBooks Online vs. Xero is the most common bookkeeping software question I get. Here's the honest breakdown from someone who works inside both platforms every day.

QuickBooks Online: US market leader since the 1990s. Every CPA in the country knows it. Deepest integration ecosystem by a wide margin. Built-in payroll through Intuit. The interface has some legacy quirks, but the ecosystem advantage is hard to argue with.

Xero: Cloud-native, built in New Zealand, dominates Australia, New Zealand, and the UK. Cleaner interface. Faster reconciliation workflow. Best multi-currency handling in the category. And the big differentiator: unlimited users at every pricing tier. If you have 3-5 people who need access to your books — bookkeeper, office manager, partner, CPA — Xero often costs significantly less than QBO where you'd be paying per user or jumping to a higher tier.

The catch with Xero in the US: thinner CPA ecosystem (make sure your accountant supports it before switching) and payroll requires a third party like Gusto (adds cost and complexity).

The biggest mistake I see: switching platforms without a concrete reason. ""I heard Xero is better"" is not a reason. Migration is a real project — chart of accounts mapping, historical data, integration reconnection. If your current setup works and your team knows it, the grass usually isn't greener enough to justify the disruption.

Full comparison: https://www.tidesbookkeeping.com/blog-quickbooks-online-vs-xero",https://www.tidesbookkeeping.com/blog-quickbooks-online-vs-xero,,,,
2026-09-24 10:00:00,"QuickBooks or Xero? Get asked this all the time. Here's the real answer:

QBO if you want the deepest US ecosystem — every CPA knows it, most integrations, built-in payroll. Xero if you have a team — unlimited users at every tier saves real money when 3-5 people need access, and the interface is cleaner.

The biggest mistake: switching platforms without a concrete reason. Migration is a real project. If your current setup works, the grass isn't greener enough to justify the move.

Full head-to-head on the blog — link in bio.

#quickbooks #xero #bookkeeping",https://www.tidesbookkeeping.com/blog-quickbooks-online-vs-xero,,,,
2026-09-25 09:00:00,"QuickBooks Online or Xero? The honest answer: both are good, and the right choice depends on your specific situation.

QBO is the safe US default. Every CPA knows it, it has the most integrations, and payroll is built in. Xero has a cleaner interface, faster reconciliation, and one huge advantage: unlimited users at every pricing tier. If multiple people need access to your books, Xero often costs significantly less.

Xero's catch in the US: fewer CPAs support it (check with yours first) and payroll requires a third-party add-on like Gusto.

My biggest piece of advice: don't switch platforms just because someone told you the other one is better. Migration is a real project. If your current setup works and your team knows it, the disruption usually isn't worth it. Switch when you have a concrete problem your current platform can't solve.

Full head-to-head comparison: https://www.tidesbookkeeping.com/blog-quickbooks-online-vs-xero",https://www.tidesbookkeeping.com/blog-quickbooks-online-vs-xero,,,,
2026-09-30 08:30:00,"I work with a lot of real estate investors, and the bookkeeping needs are genuinely different from a standard small business. Here's what matters.

Per-property P&L tracking is non-negotiable. Use QuickBooks Classes or Xero Tracking Categories so every dollar of income and expense ties to a specific property. Without this, you can't tell which properties are performing and which are dragging down the portfolio.

Entity structure: at 1-2 properties, one LLC with class tracking is fine. As you scale, a parent/child LLC structure becomes worth the complexity. Get this right before you scale, not after.

Income recognition: if you're doing short-term rentals through Airbnb or VRBO, record the gross booking income, not the net deposit. Platform fees, cleaning fees, and service charges are separate expense lines. Your CPA needs to see the full picture.

The classification that costs investors the most money: expense vs. capital improvement. A repair (fixing a leaky faucet) is deducted in full the year you pay for it. A capital improvement (new roof, HVAC replacement) gets depreciated over 27.5 years for residential property. The IRS Tangible Property Regulations spell this out — learn the de minimis safe harbor rules or make sure your bookkeeper knows them.

Depreciation: 27.5-year schedule for residential, and look into cost segregation studies for properties over $500K. The accelerated depreciation can be significant.

When to hire a bookkeeper: DIY is manageable at 1-2 properties. At 3-5, strongly recommended. At 6+, it's not optional.

Full guide: https://www.tidesbookkeeping.com/blog-real-estate-investor-bookkeeping-guide",https://www.tidesbookkeeping.com/blog-real-estate-investor-bookkeeping-guide,,,,
2026-10-01 10:00:00,"If you own rental properties, per-property P&L tracking is non-negotiable. You need to know which properties are making money and which ones are bleeding — not just the portfolio total.

Set this up in QuickBooks using Classes or Xero using Tracking Categories. Record gross income from Airbnb and VRBO, not the net deposit — platform fees are a separate expense line. And get the expense-vs-improvement classification right, because the IRS has very specific rules on that and the tax impact is massive.

Full guide on the blog — link in bio.

#realestateinvesting #bookkeeping",https://www.tidesbookkeeping.com/blog-real-estate-investor-bookkeeping-guide,,,,
2026-10-02 09:00:00,"If you own rental properties and you're still tracking everything in a spreadsheet — or worse, not tracking per property at all — here's what you're missing.

Per-property P&L tracking is the baseline. You need to know which properties are profitable and which ones aren't, not just the portfolio total. Set this up in QuickBooks using Classes or Xero using Tracking Categories.

The classification that costs most investors real money: expense vs. capital improvement. A repair gets deducted in full this year. A capital improvement (new roof, HVAC, kitchen remodel) gets depreciated over 27.5 years. Mix these up and you're either overpaying taxes or inviting IRS scrutiny.

If you're doing Airbnb or VRBO, record the gross booking amount, not the net deposit. Platform fees are a separate expense — your CPA needs to see both.

General rule: DIY bookkeeping is fine at 1-2 properties. At 3-5, it's time to get help. At 6+, it's not optional.

Full guide with entity structure, depreciation, and commonly missed deductions: https://www.tidesbookkeeping.com/blog-real-estate-investor-bookkeeping-guide",https://www.tidesbookkeeping.com/blog-real-estate-investor-bookkeeping-guide,,,,
2026-10-07 08:30:00,"Tax season doesn't have to be chaos. Two hours of structured prep in January saves most business owners about $1,500 in CPA fees by March — because messy handoffs routinely double the bill.

Here's the checklist I walk clients through every year:

1099-NEC filings. Due January 31. Every contractor you paid $600 or more needs one. Penalties for late filing range from $60 to $310 per form, and the IRS has already received the contractor's copy — so the mismatch is automatic if you skip it.

W-2 and payroll tie-out. Make sure your bookkeeping software and payroll provider agree on the numbers. Discrepancies here create downstream problems on your tax return.

Sales tax nexus check. If you sell products or services across state lines, the common economic nexus threshold is $100,000 in sales or 200 transactions. This changes and more states are adding it.

Deduction sweep. Go through every category and look for what's missing. Home office, mileage, professional development, software subscriptions, retirement contributions. This step alone routinely surfaces $5,000 to $25,000 in unclaimed deductions.

The handoff package. Your CPA wants: P&L, balance sheet, general ledger, payroll summary reports, depreciation schedule, and copies of all 1099s and W-2s issued. Put it in a single shared folder. That's what turns a $3,000 engagement into a $1,500 one.

Owners with monthly bookkeeping already have most of this done. Owners without it spend a week instead of an hour.

Full checklist: https://www.tidesbookkeeping.com/blog-tax-season-prep-checklist",https://www.tidesbookkeeping.com/blog-tax-season-prep-checklist,,,,
2026-10-08 10:00:00,"Two hours in January saves most business owners about $1,500 in March. That's not a guess — messy CPA handoffs routinely double the bill.

The January checklist: 1099-NECs due by January 31 (penalties are $60-$310 per late form). Payroll tie-out. Sales tax nexus check. Deduction sweep — this alone routinely finds $5,000 to $25,000 that would have been left on the table.

Package it all in one clean folder and hand it to your CPA. Done.

Full checklist on the blog — link in bio.

#taxseason #smallbusiness",https://www.tidesbookkeeping.com/blog-tax-season-prep-checklist,,,,
2026-10-09 09:00:00,"Tax season tip that saves real money: two hours in January prevents about $1,500 in extra CPA fees by March. Messy handoffs routinely double the bill because your CPA ends up doing bookkeeping cleanup at $200+/hour before they can even start on your taxes.

The January checklist: file 1099-NECs by January 31 for every contractor you paid $600+ (penalties are $60-$310 per late form and the IRS already has their copy). Tie out payroll between your bookkeeping software and payroll provider. Do a deduction sweep — this step alone routinely finds $5,000 to $25,000 in unclaimed deductions. Package your P&L, balance sheet, general ledger, payroll reports, and 1099s into one clean folder.

That's it. Two hours. Your CPA gets a clean handoff, focuses on strategy instead of cleanup, and the bill reflects it.

Full checklist with every step: https://www.tidesbookkeeping.com/blog-tax-season-prep-checklist",https://www.tidesbookkeeping.com/blog-tax-season-prep-checklist,,,,
2026-10-14 08:30:00,"Most business owners hire a bookkeeper about six months later than they should. The tipping point isn't a single event — it's a pattern. Here are the seven signals I see most often:

1. You're doing the books at midnight, on weekends, or not at all. The books are perpetually 2-3 months behind and the backlog keeps growing.

2. You can't answer ""how did I do last month?"" in under a minute. If the answer requires logging into QuickBooks and digging, your books aren't serving you.

3. Tax season is a frantic scramble. Your CPA bill keeps climbing because they're doing cleanup work before they can even start on your return.

4. Personal and business finances are tangled. Commingled funds create bookkeeping headaches and audit risk.

5. You're hiring employees or contractors. Payroll taxes, quarterly filings, W-2s, 1099 deadlines — the compliance load jumps significantly and the penalties for getting it wrong are real.

6. You're applying for a loan or seeking investment. Banks and the SBA want clean financials: P&L, balance sheet, multi-year history. Reconstructing these under deadline pressure is expensive and stressful.

7. The opportunity cost math doesn't work. If your time is worth $75-$150/hour and you're spending 8-10 hours a month on bookkeeping, you're paying $600-$1,500/month in opportunity cost for the lowest-value task on your plate. A professional bookkeeper costs a fraction of that.

The costs of waiting accumulate silently: missed deductions, inflated CPA bills, and every business decision made on numbers you're not confident in.

Full breakdown: https://www.tidesbookkeeping.com/blog-when-to-hire-a-bookkeeper",https://www.tidesbookkeeping.com/blog-when-to-hire-a-bookkeeper,,,,
2026-10-15 10:00:00,"If you're doing your books at midnight — or more realistically, not doing them at all — that's the sign.

Seven signals you've outgrown DIY bookkeeping: perpetually 2-3 months behind, can't answer ""how did I do last month?"" in under a minute, tax season is a scramble, personal and business money are tangled, you're hiring people, you need a loan, or you're spending 8-10 hours a month on QuickBooks when your time is worth $75-$150/hour.

That last one is the math that gets most people. Full breakdown — link in bio.

#bookkeeping #smallbusiness",https://www.tidesbookkeeping.com/blog-when-to-hire-a-bookkeeper,,,,
2026-10-16 09:00:00,"Here's how to know it's time to hire a bookkeeper: you're doing your books at midnight, or — more honestly — you're not doing them at all and the backlog keeps growing.

The seven signs I see most often: books perpetually 2-3 months behind, can't answer ""how did I do last month?"" without digging, tax season is a scramble with growing CPA bills, personal and business money are mixed together, you're hiring people (payroll compliance is real), you need a loan (banks want clean financials you don't have), or the math just doesn't work anymore — if your time is worth $75-$150/hour and you're spending 8-10 hours a month in QuickBooks, you're overpaying for the lowest-value task on your plate.

That last one is the one that gets most people. A professional bookkeeper costs a fraction of what your time is worth, and the books are actually done right.

All seven with the details: https://www.tidesbookkeeping.com/blog-when-to-hire-a-bookkeeper",https://www.tidesbookkeeping.com/blog-when-to-hire-a-bookkeeper,,,,
